CODIGO,GOLD,JAS,DOVALE,SILCA,JSA,LAND
1,Yale Lg.,-,-,-,-,-
2,Yale,-,-,-,-,-
3,Yale Peq.,-,-,-,-,-
4,Yale Peq.Ct.,-,-,-,-,-
5,Ueme Lg. C.F,-,-,-,-,-
6,Ueme Med. C.F,-,-,-,-,-
7,Ueme Peq.C.F,-,-,-,-,-
8,Ueme Peq.Ct. C.F,-,-,-,-,-
9,Ueme Lg. C.L,-,-,-,-,-
10,Ueme Med. C.L,-,-,-,-,-
11,Ueme Peq.C.L,-,-,-,-,-
12,Ueme Peq. Ct. C.L,-,-,-,-,-
13,Ueme P. Aço,-,-,-,-,-
14,Lafonte Lg. L.UM,-,-,-,-,-
15,Lafonte Med. L.UM,-,-,-,-,-
16,Lafonte Peq. L.Y,-,-,-,-,-
17,Brasil L.UM,-,-,-,-,-
18,Brasil N.L.UM,-,-,-,-,-
19,Brasil Peq.L.Y,-,-,-,-,-
20,Brasil Peq.C.F.L.UM,-,-,-,-,-
21,Brasil Peq.C.L.L.UM,-,-,-,-,-
22,Brasil Novíssima III L.UM,-,-,-,-,-
23,Brasil Novíssima I L.UM,-,-,-,-,-
24,Brasil Novíssima II L.UM,-,-,-,-,-
25,Arouca Lg.,-,-,-,-,-
26,Arouca Gde.,-,-,-,-,-
27,Arouca Peq.,-,-,-,-,-
27,Arouca Forj. Tetra,-,-,-,-,-
28,Arouca Peq. Lg.,-,-,-,-,-
29,Fama Gde. L.Y,-,-,-,-,-
30,Fama Peq. L.UM,184,30,FAM5,470,7
31,Aliança Gde. L.Y,-,-,-,-,-
32,Sargent L.UM,-,-,-,-,-
33,Sargent L.Y,-,-,-,-,-
34,MSN Lg. C.L.L.Y,-,-,-,-,-
35,Pado Fech. 6 Pinos L. UM,-,-,-,-,-
36,MSN Peq. C.F.L.Y,-,-,-,-,-
37,MSN Peq. Ct. C.F.L.Y,-,-,-,-,-
37,Haga Tetra Lg.,-,-,-,-,-
38,MSN Peq. C.L.L.Y,-,-,-,-,-
38,Haga Tetra Curta,-,-,-,-,-
39,MSN Peq. Ct. C.L.L.Y,-,-,-,-,-
40,Bonotti Gde. L.UM,-,-,-,-,-
41,Milano Lg.,-,-,-,-,-
42,Milano Med.,-,-,-,-,-
43,Milano,-,-,-,-,-
44,Schioppa Dupla,-,-,-,-,-
46,Pinatel 7 pinos C.F,-,-,-,-,-
47,Pinatel 7 pinos C.L,-,-,-,-,-
51,Pinatel Peq. C.L.,-,-,-,-,-
53,Lockwell Gde. Estampada,-,-,-,-,-
54,Haga P. Aço C.F.,-,-,-,-,-
55,Haga Gde. L.Y,-,-,-,-,-
56,Haga Gde. L.UM,-,-,-,-,-
57,Pado Cad. L.UM,-,-,-,-,-
58,Pado Fech. L.Y.,-,-,-,-,-
59,Pado Ct. L.UM,-,-,-,-,-
60,Pado Dupla,-,-,-,-,-
61,Pado N. L.UM,-,-,-,-,-
62,Aliança Pacific,-,-,-,-,-
63,Pablu L. UM,-,-,-,-,-
64,AMC Peq. L.Y,-,-,-,-,-
65,AMC Peq. L.UM,-,-,-,-,-
66,AMC Lg. L.Y,-,-,-,-,-
67,AMC Lg. L.UM,-,-,-,-,-
68,Master L.Y,-,-,-,-,-
70,Mult Med. L.UM,-,-,-,-,-
71,Papaiz L.Y,-,-,-,-,-
72,Aliança Peq. L.Y,316,72,AL1,422,280
73,Corbim,-,-,-,-,-
74,Corbim Especial,-,-,-,-,-
75,Brasil C. F.L.UM,-,-,-,-,-
76,Lockwell Lg. L.Y.,-,-,-,-,-
77,Pado Ct. L.UM,-,-,-,-,-
78,Muk,-,-,-,-,-
80,Fiat Tr. L. UM,-,-,-,-,-
81,VWTr. GOLD,-,-,-,-,-
82,Fiat P.,-,-,-,-,-
83,GM Opala Caravan,-,-,-,-,-
84,VWTr. GOLD,-,-,-,-,-
85,Ford,-,-,-,-,-
87,Pacri Med. L.Y,-,-,-,-,-
90,Ford Corcel I,-,-,-,-,-
91,Ford Corcel I,-,-,-,-,-
92,Parker L.UM,-,-,-,-,-
93,Ford Corcel II,-,-,-,-,-
93,Ford Del Rey,-,-,-,-,-
94,Mult Peq. L.Y.,-,-,-,-,-
95,GM Chevrolet L. UM,-,-,-,-,-
96,GM Chevrolet L.Y,-,-,-,-,-
97,VW Kombi,-,-,-,-,-
98,VW 64,-,-,-,-,-
99,VW P.L.Y,-,-,-,-,-
100,VW PL.UM,-,-,-,-,-
101,VWTr. C.F.L.UM,-,-,-,-,-
102,VWTr. C.F.L.UM,-,-,-,-,-
103,VWTr. C.F.L.Y,-,-,-,-,-
104,VWTr. C.L.L.Y,-,-,-,-,-
106,VW 1.600,-,-,-,-,-
106,VW 1.600 V,-,-,-,-,-
106,VW 1.600 Ov.,-,-,-,-,-
106,VW 1.600 N.,-,-,-,-,-
109,Pacri Fech. Elétrica L.Y,-,-,-,-,-
110,Pado Fech. 6 Pinos L.Y,-,-,-,-,-
111,VW Pacri,-,-,-,-,-
112,Ford Corcel II P. Mala,-,-,-,-,-
113,MSN Lg. C.L.L.Y,-,-,-,-,-
132,Fiat Gas. Tr. L.Y,-,-,-,-,-
132,Fiat Tr. L.Y.,-,-,-,-,-
133,Tampão Gold,-,-,-,-,-
142,Papaiz L.UM,38,142,PZ6,478,2
143,GM Opala,-,-,-,-,-
144,GM Opala P./ PI Mala C.L,-,-,-,-,-
150,Papaiz Fech. L.UM,175,150,PZ15,434,3
151,GM Chevette,-,-,-,-,-
157,Xerox L.UM,-,-,-,-,-
159,GM Chevette,-,-,-,-,-
160,Fama Lg.L.Y,-,-,-,-,-
160,Fama Lg.L.UM,-,-,-,-,-
161,Ford Corcel I,-,-,-,-,-
163,GM Chevette,-,-,-,-,-
164,Pado L. UM,-,-,-,-,-
166,VW Passat Tr.,-,-,-,-,-
166,VW Passat V,-,-,-,-,-
166,VW Passat R.,-,-,-,-,-
168,Stol L.Y.,-,-,-,-,-
169,VW Passat P. Mala,-,-,-,-,-
170,Pado Med. L.Y,-,-,-,-,-
172,VW Kombi C.L.,-,-,-,-,-
173,Alfa Romeo Tr.,-,-,-,-,-
175,Pado Novíssima L.Y,122,175,PDO1R (1)(4),442,4
176,VW Kombi 76,-,-,-,-,-
176,VW Kombi 76 V.,-,-,-,-,-
176,VW Kombi 76 N.,-,-,-,-,-
176,VW Kombi Ov.,-,-,-,-,-
177,Pado Med. L.UM,-,-,-,-,-
179,Pado Novíssima L.UM,135,179,PDO22,444,8
180,Papaiz L.Y,-,-,-,-,-
181,GM Opala P./ PI Mala C.F,-,-,-,-,-
183,Papaiz Tr. Seg.,1,183,XPZ1,183,129
183,Papaiz Tr. Seg. Zamak,1,183,XPZ1,183,129
247,Bonotti Gde. L.Y,-,-,-,-,-
248,Ford Corcel I P.,-,-,-,-,-
249,Pado Cad. L.Y,-,-,-,-,-
250,Ford Corcel I,-,-,-,-,-
252,Aliança Estampada,-,-,-,-,-
254,Pado Telefone L.UM,-,-,-,-,-
256,Lafonte Med. L.Y,-,-,-,-,-
257,Brasil P. Aço C.M,-,-,-,-,-
258,Haga P. Aço C.L.,-,-,-,-,-
259,Ford Tampão,-,-,-,-,-
262,VW Fuscão 71 Tr.,-,-,-,-,-
263,Lockwell Peq. Estampada,-,-,-,-,-
266,Haga Peq. L.Y,-,-,-,-,-
267,Haga Peq. L.UM,-,-,-,-,-
268,Brasil Peq.III L.UM,-,-,-,-,-
269,Brasil Peq. IV L.UM,-,-,-,-,-
270,Lafonte Gde. L.Y,-,-,-,-,-
271,Mult Cad. Gde. L.UM,-,-,-,-,-
272,VW Fuscão P.,-,-,-,-,-
273,Papaiz Ct. L.UM,-,-,-,-,-
274,VWFuscão Tr.,-,-,-,-,-
275,Mercedes P.,-,-,-,-,-
276,Mult Med. L.Y.,-,-,-,-,-
277,Ueme Ct.3 Pinos,-,-,-,-,-
278,Lockwell Gde. L.Y.,-,-,-,-,-
279,VWTr. Lisa,-,-,-,-,-
280,Brasil Peq. Novíssima VL.UM,-,-,-,-,-
281,Fama Gde. L.UM,-,-,-,-,-
282,Lockwell Peq. L.Y,-,-,-,-,-
283,Pado Fech. L.Y.,-,-,-,-,-
284,VW SP 2,-,-,-,-,-
285,Ford Corcel I,-,-,-,-,-
286,Pado Fech. L. UM.,-,-,-,-,-
289,Brasil Gde. VI L. UM,-,-,-,-,-
290,Aliança Gav. L.Y,-,-,-,-,-
291,Mult Peq. L.UM,-,-,-,-,-
292,Burgo,-,-,-,-,-
294,VW Gol,-,-,-,-,-
294,VW Gol V.,-,-,-,-,-
294,VW Gol R.,-,-,-,-,-
294,VW Gol N.,-,-,-,-,-
295,Pado Cad. 6 Pinos L.Y,-,-,-,-,-
296,Pado Cad. 6 Pinos L.UM,-,-,-,-,-
297,Pado Cad. 7 Pinos L.Y,-,-,-,-,-
298,Tampão Gas.,-,-,-,-,-
299,lmesca,-,-,-,-,-
300,Pado Cad. 7 Pinos L.UM,205,300,PDO11,466,24
301,Stam P. Aço,-,-,-,-,-
302,Stam Fech. Med. L.Y,-,-,-,-,-
303,Fama Peq. Ct. L.UM,-,-,-,-,-
304,Stam Med. L.UM,-,-,-,-,-
305,Yamaha,-,-,-,-,-
306,Honda Turuna,-,-,-,-,-
307,Honda CB 400,-,-,-,-,-
308,Brasil Cad. Peq. L.UM,-,-,-,-,-
309,Brasil Cad. L.UM,-,-,-,-,-
310,Pado Estilo Colonial,-,-,-,-,-
311,Ford Del Rey P. Mala,-,-,-,-,-
312,Brasil Fech. Med.L.UM,-,-,-,-,-
313,Schier F. L.UM,-,-,-,-,-
314,MSN Lg. C.L.L.UM,-,-,-,-,-
315,Ford Del Rey P. Mala,-,-,-,-,-
316,Ford Corcel II P.M,-,-,-,-,-
317,Mult Cad.F.L.UM,-,-,-,-,-
318,Ford Corcel II,-,-,-,-,-
318,Ford Corcel II Tr.,-,-,-,-,-
319,Schier F. L.Y,-,-,-,-,-
320,RHA Fech. L.UM,-,-,-,-,-
321,Arouca P. Aço C.M,-,-,-,-,-
322,Schier - Estampada,-,-,-,-,-
323,Stam Fech. Gde. L.UM,-,-,-,-,-
324,Sansonite,-,-,-,-,-
325,Stam Fech. Gde.L.Y,-,-,-,-,-
326,GM Opala Comodoro,-,-,-,-,-
327,Papaiz Cil. Triang.,-,-,-,-,-
328,Stam Cad. L.UM,-,-,-,-,-
329,Trator,-,-,-,-,-
330,Fiat Gas. C.F.,-,-,-,-,-
331,GM Opala Comodoro P. Mala,-,-,-,-,-
332,Univel,-,-,-,-,-
333,Univel,-,-,-,-,-
334,Fiat Gas. C.L.,-,-,-,-,-
335,GM D10,-,-,-,-,-
337,Motta Cad. Peq. L.Y,-,-,-,-,-
338,GM Caravan,-,-,-,-,-
339,;ord Escort,-,-,-,-,-
339,Ford Escort,-,-,-,-,-
340,Papaiz Cad. L.UM,-,-,-,-,-
341,Yamaha,-,-,-,-,-
342,Pacri Peq. L.Y,-,-,-,-,-
343,Fiat Oggi,-,-,-,-,-
344,Yamaha DT. L.Y,-,-,-,-,-
345,Yamaha DT.UM,-,-,-,-,-
346,Honda L.Y,-,-,-,-,-
347,Honda L. UM,-,-,-,-,-
348,Honda Turuna,-,-,-,-,-
349,Honda CB 400,-,-,-,-,-
350,Ford Corcel II Tr.,-,-,-,-,-
351,Fiat Gas.,-,-,-,-,-
352,VW Gas.,-,-,-,-,-
353,Haga Arquivo L.UM,-,-,-,-,-
354,Cial,-,-,-,-,-
355,Fama Cad. Gde. L.UM,-,-,-,-,-
356,Fama Cad. Peq. L.UM,-,-,-,-,-
357,Honda XL,-,-,-,-,-
358,Honda XL,-,-,-,-,-
359,Cial,-,-,-,-,-
360,Honda,-,-,-,-,-
361,Mercedes Combustível,-,-,-,-,-
362,VW Santana,-,-,-,-,-
363,Tampão Gas.,-,-,-,-,-
364,Papaiz Fech.p/ Móveis,-,-,-,-,-
365,Fama Peq. C.F.L.UM,-,-,-,-,-
366,_afonte Lg. L.Y,-,-,-,-,-
367,Fiat Uno,-,-,-,-,-
367,.liat Uno,-,-,-,-,-
368,GM Opala /Caravan,-,-,-,-,-
369,Mercedes P. F. L,-,-,-,-,-
370,Mercedes Tr. F.L.,-,-,-,-,-
371,Haga Peq. L.UM,-,-,-,-,-
372,Scania F. L.,-,-,-,-,-
373,Honda,-,-,-,-,-
374,Fama Cad. Gde. L.Y,-,-,-,-,-
375,Fama Cad. Peq. L.Y,-,-,-,-,-
377,Papaiz Cil. Triang.,-,-,-,-,-
378,Pado Tr. Seg.,-,-,-,-,-
379,Moto Vespa,-,-,-,-,-
380,Haga Fech. L.UM,-,-,-,-,-
381,Haga Fech. L.Y,-,-,-,-,-
382,Riomeão L.Y.,-,-,-,-,-
383,Riomeão L.UM,-,-,-,-,-
384,Stam P. Aço,-,-,-,-,-
385,Stam Cad. Peq. L.UM,-,-,-,-,-
386,Papaiz L.UM,-,-,-,-,-
388,Meroni L. UM,-,-,-,-,-
389,Yamaha,-,-,-,-,-
390,Mult Cad. Lg. L. UM,-,-,-,-,-
391,Schier Lrg. L.Y,-,-,-,-,-
392,Schier Lrg. L.UM,-,-,-,-,-
393,Mercedes Tr.F.F,-,-,-,-,-
394,Mercedes P. F. F,-,-,-,-,-
395,Agrale,-,-,-,-,-
396,Yamaha,-,-,-,-,-
397,Soprano Fech. L.Y,-,-,-,-,-
398,Lockwell Gde. L.UM,-,-,-,-,-
399,Schier L.Y,-,-,-,-,-
400,Lockwell Lg. L.UM,-,-,-,-,-
401,Meroni Peq. L.Y,-,-,-,-,-
402,Ford Caminhão Cargo Ct.,-,-,-,-,-
403,Lockwell Tr. Seg. (Niquelada),-,-,-,-,-
404,Yamaha,-,-,-,-,-
405,Papaiz Fech. L.Y,-,-,-,-,-
406,Volvo,-,-,-,-,-
407,GM Kadett,-,-,-,-,-
408,Papaiz Lg.L.UM,-,-,-,-,-
409,Papaiz Lg. L.Y,-,-,-,-,-
410,GM Monza,-,-,-,-,-
411,Schier L.UM,-,-,-,-,-
412,Ford Caminhão Cargo Lg.,-,-,-,-,-
413,Lockwell (Latonada),-,-,-,-,-
414,Haga P. Aço C.F.,-,-,-,-,-
415,Honda,-,-,-,-,-
416,Ford Caminhão P. Luvas,-,-,-,-,-
417,VW Apoio,-,-,-,-,-
418,Lockwell Tr. Seg. (Niquelada),-,-,-,-,-
419,Colonial Florada,-,-,-,-,-
420,Pacri Fech. Elétrica L.UM,-,-,-,-,-
421,Aliança Gav. L.UM,-,-,-,-,-
422,Mercedes F. F.,-,-,-,-,-
423,Parker N. L.UM,-,-,-,-,-
424,VW Gol,-,-,-,-,-
425,VW Gol,-,-,-,-,-
426,VW Santana,-,-,-,-,-
427,Haga Arquivo L.Y,-,-,-,-,-
428,Papaiz Fech. L.UM,290,428,PZ7,450,135
429,Haga Gav. L.UM,-,-,-,-,-
430,Gold Cad. P. Aço e Cad. Milano,-,-,-,-,-
431,Mercedes F.L.,-,-,-,-,-
432,Lada Niva Tr.,-,-,-,-,-
433,Lada C.F.,-,-,-,-,-
434,Lada C.L.,-,-,-,-,-
436,Fiat Uno,-,-,-,-,-
437,Lada Samara Tr.,-,-,-,-,-
438,Mercedes Combustível,-,-,-,-,-
439,VW Gas.,-,-,-,-,-
440,Mercedes Istron,-,-,-,-,-
441,Lada Samara P.,-,-,-,-,-
442,Stam Tetra,-,-,-,-,-
442,Stam Tetra Latão,-,-,-,-,-
443,Lada Samara Tr.,-,-,-,-,-
444,Trancalar,-,-,-,-,-
445,Arouca Tr. Seg.,-,-,-,-,-
446,Pado Cad. Militar L.UM,-,-,-,-,-
447,Ford Versailles/ Escort/ Verona,-,-,-,-,-
448,Fiat Tempra/Tipo,-,-,-,-,-
449,Pado Cad. Militar L.Y,-,-,-,-,-
450,Trancalar,-,-,-,-,-
451,Haga Fech. Med. L.UM,-,-,-,-,-
452,GM Ômega/ Vectra,-,-,-,-,-
453,VW,-,-,-,-,-
454,Motta Cad. Med. L.Y,-,-,-,-,-
455,Stam P. Aço,-,-,-,-,-
456,Toyota,-,-,-,-,-
457,Mitsubishi,-,-,-,-,-
458,Arouca P. Aço C.L,-,-,-,-,-
459,Renault,-,-,-,-,-
460,Papaiz L.UM,-,-,-,-,-
461,Nissan,-,-,-,-,-
462,Suzuki,-,-,-,-,-
463,Toyota,-,-,-,-,-
465,Toyota,-,-,-,-,-
466,Toyota,-,-,-,-,-
467,Nissan,-,-,-,-,-
468,VW Logus,-,-,-,-,-
469,Scania,-,-,-,-,-
470,Meroni L.Y.,-,-,-,-,-
471,BMW,-,-,-,-,-
472,Volvo,-,-,-,-,-
473,Haga P. Aço Dupla,-,-,-,-,-
474,Honda,-,-,-,-,-
475,Nissan,-,-,-,-,-
476,Peugeot,-,-,-,-,-
477,Aliança Fech.Sobrepor L.Y,358,477,AL2,464,301
478,Brasil Fech. Peq.L.UM,-,-,-,-,-
479,Mercedes Ellen,-,-,-,-,-
480,Isuzu,-,-,-,-,-
481,Suzuki,-,-,-,-,-
482,Peugeot,-,-,-,-,-
483,Lockwell Peq. L.UM,-,-,-,-,-
485,Subaru,-,-,-,-,-
486,Fiat Tipo,-,-,-,-,-
487,Hyundai,-,-,-,-,-
488,Suzuki,-,-,-,-,-
489,Ellen P. Fogo L.UM,-,-,-,-,-
490,Fiat Tempra 16 V,-,-,-,-,-
491,Subaru,-,-,-,-,-
492,Peugeot,-,-,-,-,-
493,Stam Tetra,-,-,-,-,-
494,Mazda,-,-,-,-,-
495,Mazda,-,-,-,-,-
496,Mazda,-,-,-,-,-
497,Fama Cad.Gde. L.UM,-,-,-,-,-
498,Fama Cad. Med. L.UM,-,-,-,-,-
499,Fama Cad. Peq.L.UM,-,-,-,-,-
500,Mercedes,-,-,-,-,-
501,Ford,-,-,-,-,-
502,Mazda,-,-,-,-,-
503,Kia Sephia,-,-,-,-,-
504,Kia Besta,-,-,-,-,-
512,Brasil Fech. C/ Corte L.UM,-,-,-,-,-
513,Toyota,-,-,-,-,-
514,LN Fech.L.UM,-,-,-,-,-
517,Chrysler,-,-,-,-,-
518,Vouga,-,-,-,-,-
519,Papaiz L.UM,354,519,PZ8,430,299
520,Toyota,-,-,-,-,-
521,Citroën,-,-,-,-,-
522,Crapp,-,-,-,-,-
523,VW Gol,-,-,-,-,-
524,Brasil Tr. Seg. e Fech.,-,-,-,-,-
525,Suzuki,-,-,-,-,-
526,Toyota,-,-,-,-,-
527,Yamaha,-,-,-,-,-
528,Mercedes,-,-,-,-,-
529,VW Gol,-,-,-,-,-
530,Asia Towner,-,-,-,-,-
531,Gold Cad. Peq. Ch. L.Y,-,-,-,-,-
532,Gold Cad. Gde. L.Y,-,-,-,-,-
533,Gold Cad. Med.Ch.L.Y,-,-,-,-,-
534,Subaru,-,-,-,-,-
535,Mercedes F.L.,-,-,-,-,-
536,Scania F. L.,-,-,-,-,-
537,Peugeot,-,-,-,-,-
538,Renault,-,-,-,-,-
539,Renault,-,-,-,-,-
540,Asia Topic,-,-,-,-,-
541,Scania,-,-,-,-,-
542,VW Gol s/ Transponder,-,-,-,-,-
543,Stam Fech. L.Y,429,543,SAM1R,426,346
544,Stam Fech. L.UM,-,-,-,-,-
545,Peugeot,-,-,-,-,-
546,Kawasaki,-,-,-,-,-
547,Mult-Lock,-,-,-,-,-
547,Mult-Lock Alpaca,-,-,-,-,-
548,Pacri,-,-,-,-,-
549,Lockwell (Latonada),-,-,-,-,-
550,Pacri,-,-,-,-,-
551,Ford Ranger,-,-,-,-,-
552,GM S10,-,-,-,-,-
553,Honda,-,-,-,-,-
554,Vouga L.UM,-,-,-,-,-
555,César Cad. P. Aço,-,-,-,-,-
556,Honda,-,-,-,-,-
557,Yamaha,-,-,-,-,-
558,Milano Lg.,-,-,-,-,-
559,Gold Fech.L.UM,-,-,-,-,-
560,Alfa Romeo,-,-,-,-,-
561,Alfa Romeo,-,-,-,-,-
562,Alfa Romeo,-,-,-,-,-
563,Pado L.Y,-,-,-,-,-
564,Pado L.UM,-,-,-,-,-
565,VW Gol Cli,-,-,-,-,-
566,Toyota,-,-,-,-,-
567,Mitsubishi,-,-,-,-,-
568,São Salvador Cad. P. Aço,-,-,-,-,-
569,GM Astra,-,-,-,-,-
570,Multitec L. Y.,-,-,-,-,-
571,Soprano Cad. Med.L.UM,-,-,-,-,-
572,Gold Cad.,-,-,-,-,-
573,Hyundai,-,-,-,-,-
574,Soprano Cad. Gde.L.UM,-,-,-,-,-
575,Cagiva,-,-,-,-,-
576,Soprano Cad.S.L.UM,-,-,-,-,-
578,Daewoo,-,-,-,-,-
579,Honda Titan,-,-,-,-,-
580,Aliança Tr. Seg.,-,-,-,-,-
581,Soprano Fech. L.Y,-,-,-,-,-
582,Papaiz Cad. L.UM,355,582,PZ9,468,439
583,Soprano Cad. L.UM,-,-,-,-,-
584,Soprano Cad. L.UM,-,-,-,-,-
585,Soprano Cad.L.UM,-,-,-,-,-
586,Cial C.M,-,-,-,-,-
587,VW Gol Cli,-,-,-,-,-
588,Chrysler,-,-,-,-,-
589,Ford s/ Transponder,-,-,-,-,-
590,Scania F. F.,-,-,-,-,-
591,Scania F.F.,-,-,-,-,-
592,Mercedes,-,-,-,-,-
593,Papaiz Tr. Seg. c/ Reb.,-,-,-,-,-
594,Gold Cad.Peq,-,-,-,-,-
595,Gold Cad. Med.,-,-,-,-,-
596,Gold Cad. Gde.,533,596,GOD3,452,406
597,Fiat Palio S/ Transponder,-,-,-,-,-
598,Ford Escort S/ Reb.,-,-,-,-,-
598,Ford Escort S/ Reb. L.,-,-,-,-,-
599,Gold Cad. Alumínio,-,-,-,-,-
600,Volvo,-,-,-,-,-
601,Volvo,-,-,-,-,-
602,VW Gol/ Parati,-,-,-,-,-
603,Guarupe Fech.,-,-,-,-,-
604,Trancalar Tetra,-,-,-,-,-
605,Stam Gav.,99,605,SAM6,460,74
606,Gold Fech. Sobrepor,-,-,-,-,-
607,Stam P. Aço,539,607,SAM4,516,397
608,Pado Cil. Especial,-,-,-,-,-
609,Pado Tr. Seg. c/ Canal,-,-,-,-,-
610,Toyota,-,-,-,-,-
611,Stam Fech. Sobrepor L.Y,-,-,-,-,-
612,Pado Tr. Seg. Lg. S/ Canal,-,-,-,-,-
613,Yamaha,-,-,-,-,-
614,Ford Ranger c/ Canal,-,-,-,-,-
615,Suzuki Scooter,-,-,-,-,-
616,Yamaha,-,-,-,-,-
617,Hyundai,-,-,-,-,-
618,Pado Tr. Seg. Lg. c/ Canal Zamac 13,19,618,XPDO1P,816,480
618,Pado Tr. Seg. Lg. c/ Canal Lt.,19,618,XPDO1P,816,480
619,Pado L.Y,-,-,-,-,-
620,Pado L.UM,-,-,-,-,-
621,GM Corsa/ Astra,-,-,-,-,-
622,Yaltres Fech. Seg.,-,-,-,-,-
623,Mercedes,-,-,-,-,-
624,Aliança Cad. L.Y,-,-,-,-,-
625,Soprano Gav./Arquivo,-,-,-,-,-
626,Renault,-,-,-,-,-
627,Renault,-,-,-,-,-
628,Trancalar Tetra,-,-,-,-,-
629,Suzuki,-,-,-,-,-
630,Lock Fech. Tubular,-,-,-,-,-
631,Mercedes,-,-,-,-,-
632,VW P.,-,-,-,-,-
633,Pacri Tetra,-,-,-,-,-
634,Hyundai H100,-,-,-,-,-
635,Volvo,-,-,-,-,-
636,UM Tetra,-,-,-,-,-
637,César Cad. Tetra Lg.,-,-,-,-,-
638,Papaiz Arquivo,-,-,-,-,-
639,Pado Tetra,-,-,-,-,-
640,Honda P. Luvas,-,-,-,-,-
641,Honda Tr.,-,-,-,-,-
642,GMC Caminhão,-,-,-,-,-
643,Soprano Tetra,-,-,-,-,-
645,Fiat Tempra,-,-,-,-,-
646,Honda NX,-,-,-,-,-
647,Ueme Cad.,-,-,-,-,-
648,Ueme Cad.,-,-,-,-,-
649,Ueme Cad.,-,-,-,-,-
650,Muller Cad.,-,-,-,-,-
651,Brasil Fech.,-,-,-,-,-
652,HDL. Eletr.,-,-,-,-,-
653,Yale Cad.,-,-,-,-,-
654,VW Gas.,-,-,-,-,-
655,Yale Cad.,-,-,-,-,-
656,Papaiz Fech,-,-,-,-,-
657,Muller Cad.Peq.,-,-,-,-,-
658,Yamaha,-,-,-,-,-
659,Arouca,-,-,-,-,-
660,Gold Tetra,-,-,-,-,-
661,Trink Tampa Gas.,-,-,-,-,-
662,Scania,-,-,-,-,-
663,Globe Cad.L.UM,-,-,-,-,-
664,Mitsubishi,-,-,-,-,-
665,Stam Tetra Latão,28,-,XSAM2,566,531
665,Stam Tetra Zamac,28,-,XSAM2,566,531
665,Stam Tetra Original,28,-,XSAM2,566,531
666,USA Fech.,-,-,-,-,-
667,Stam Tetra P. Aço Latão,22,-,XSAM4,766,432
667,Stam Tetra P. Aço Zamac,22,-,XSAM4,766,432
667,Stam Tetra P. Aço Original,22,-,XSAM4,766,432
668,Dorma,-,-,-,-,-
669,Maffei,-,-,-,-,-
670,Scania,-,-,-,-,-
671,Soprano Fech.Sobrepor,-,-,-,-,-
672,Stam Tetra Latão,-,-,-,-,-
672,Stam Tetra Zamac,-,-,-,-,-
672,Stam Tetra Original,-,-,-,-,-
673,Franzmar,-,-,-,-,-
674,Titan Fech.,-,-,-,-,-
675,Pacri L. UM,-,-,-,-,-
676,Pacri Lg. L. UM,-,-,-,-,-
677,Soprano Cad. Tetra,-,-,-,-,-
678,Hafele Arquivo,-,-,-,-,-
679,Toyota,-,-,-,-,-
680,Peugeot,-,-,-,-,-
681,Gold Multi- Ponto,-,-,-,-,-
682,Pado,590,682,PDO18,420,442
683,VW s/ Transponder,-,-,-,-,-
683,VW s/ Transponder Alpaca,-,-,-,-,-
684,Keso 2000,-,-,-,-,-
684,Keso Alpaca,-,-,-,-,-
685,GM Vectra/Ômega,-,-,-,-,-
685,GM Vectra/Ômega Alpaca,-,-,-,-,-
686,Azbe,-,-,-,-,-
687,Pado,-,-,-,-,-
688,Pado,-,-,-,-,-
689,Soprano P. Aço,-,-,-,-,-
690,Polyforte,-,-,-,-,-
691,Pado L.Y,-,-,-,-,-
692,Honda CB 500,-,-,-,-,-
693,Pado L. UM Interm.,604,693,PDO21,432,441
694,Pado L. UM. Peq.,-,-,-,-,-
695,King P. Aço,-,-,-,-,-
696,Honda Moto,-,-,-,-,-
697,Pacri Lg.,-,-,-,-,-
698,Brasil Cad.,-,-,-,-,-
699,Ces Lg.,-,-,-,-,-
700,Lockwell Te. Trio,-,-,-,-,-
701,Soprano,-,-,-,-,-
702,Gold P. Aço,-,-,-,-,-
703,Kia Besta GLS,-,-,-,-,-
704,Ueme Lrg.,-,-,-,-,-
705,Honda Moto,-,-,-,-,-
706,Arouca Cad. Peq.,-,-,-,-,-
707,Pado L.Y,-,-,-,-,-
708,Pado L. UM,-,-,-,-,-
709,Yale Cad.Multi-Ponto,-,-,-,-,-
710,Yale Cad. Fech. Tubular,-,-,-,-,-
711,Brasil Fech.Seg.,-,-,-,-,-
712,Yamaha,-,-,-,-,-
713,Stam Tetra Latão,4,-,XSAM3,317,ST4
713,Stam Tetra Zamac,4,-,XSAM3,317,ST4
713,Stam Tetra Original,4,-,XSAM3,317,ST4
714,HDL. L. UM,682,714,YA1R,472,461
715,Ueme Tetra,-,-,-,-,-
716,Papaiz Cad.,-,-,-,-,-
717,Lockwell Tr. Lg.,-,-,-,-,-
718,ML Cad. Tetra Lg.,-,-,-,-,-
719,Unilock Fech.,-,-,-,-,-
720,Mercedes Caminhão,-,-,-,-,-
721,Imab Peq.,739,721,UL058,474,469
722,Imab Gde.,-,-,-,-,-
723,Lafonte Curta,-,-,-,-,-
724,ML Cad. Tetra Lg.,-,-,-,-,-
725,Imab Multi-ponto,-,-,-,-,-
726,Uno Cabeça Palio,-,-,-,-,-
727,Soprano Arquivo,-,-,-,-,-
728,Yaltres,-,-,-,-,-
729,GM Blazer USA,-,-,-,-,-
730,Hudson Yale,-,-,-,-,-
731,8 Block Arg.,-,-,-,-,-
732,Yale Arg.,-,-,-,-,-
733,Globe Peq.,-,-,-,-,-
734,Nissan,-,-,-,-,-
735,Gold Especial Cil.Stam,-,-,-,-,-
736,Secur Cad.,-,-,-,-,-
737,Soprano Arquivo,-,-,-,-,-
738,USAArquivo,-,-,-,-,-
739,Kia Besta GLS,-,-,-,-,-
740,Imab Lg.,-,-,-,-,-
741,Tri-circle Cad. L.UM,-,-,-,-,-
742,Tri-circle Cad. L.UM,-,-,-,-,-
743,Tri-circle Cad. Md. L.Y,-,-,-,-,-
744,Tri-circle Cad.Lg.L.Y,-,-,-,-,-
745,Tri-circle Cad. Lg.L.UM,-,-,-,-,-
746,Tri-circle Cad. L.Y,-,-,-,-,-
747,GMC Caminhão,-,-,-,-,-
748,Volvo,-,-,-,-,-
749,Soprano,-,-,-,-,-
750,Aliança Curta,-,-,-,-,-
751,Renault,-,-,-,-,-
752,Haworth Arquivo,-,-,-,-,-
753,Toyota,-,-,-,-,-
754,Tacógrafo Gde.,-,-,-,-,-
755,Tacógrafo Peq.,-,-,-,-,-
756,Haworth Arquivo,-,-,-,-,-
757,GM Celta,-,-,-,-,-
758,Honda Moto,-,-,-,-,-
759,Pado Tetra,-,-,-,-,-
760,Pado Cad. L.Y,-,-,-,-,-
761,Fiat Palio SI Transponder Logo,-,-,-,-,-
762,Yamaha,-,-,-,-,-
763,HDL. Peq. L.Y,-,-,-,-,-
764,Currao Gde.L.Y,-,-,-,-,-
765,Scania,-,-,-,-,-
766,Concept L.UM,-,-,-,-,-
767,Caterpillar Cad.,-,-,-,-,-
768,Riomeão Ct.,-,-,-,-,-
769,Currao Mult-ponto,-,-,-,-,-
770,Haga Tetra,-,-,-,-,-
771,Keso Lg.,-,-,-,-,-
772,Soprano Arquivo,-,-,-,-,-
773,Yale Cad. Med.,-,-,-,-,-
774,PPA L.Y,-,-,-,-,-
775,Yamaha,-,-,-,-,-
776,Renault,-,-,-,-,-
777,Pacri Mult- Ponto,-,-,-,-,-
778,Mercedes,-,-,-,-,-
779,Arouca,-,-,-,-,-
780,Soprano Fech. L.Y.,-,-,-,-,-
781,Papaiz Fech.,-,-,-,-,-
782,Soprano Cad. Peq. L.UM,-,-,-,-,-
783,Soprano Fech. Med. L.UM,-,-,-,-,-
784,Soprano Fech. Gde. L.UM,-,-,-,-,-
785,Pacri Multi-ponto,-,-,-,-,-
786,Kaba,-,-,-,-,-
787,Globe Cad. Med,-,-,-,-,-
788,Papaiz Arquivo,-,-,-,-,-
789,Globe Cad. Gde,-,-,-,-,-
791,Ueme Nova Peq. CT. C.L.,-,-,-,-,-
792,Soprano Fech. Tubular,-,-,-,-,-
793,Daewoo,-,-,-,-,-
794,Haga Tetra CT,-,-,-,-,-
795,Stam Fech. Peq.,793,200,SAM13R,446,643
796,Inter Fech.,-,-,-,-,-
797,Currao Fech.,-,-,-,-,-
798,Meroni Fech.,-,-,-,-,-
799,Stam Fech.,800,799,SAM11R,424,627
800,Haga Fech.,-,-,-,-,-
801,Yalte Cad.,-,-,-,-,-
802,Soprano Fech.,-,-,-,-,-
803,Papaiz Cad.,-,-,-,-,-
804,3F Arquivo,-,-,-,-,-
805,Toyota,-,-,-,-,-
806,Toyota,-,-,-,-,-
807,Mult-lock,-,-,-,-,-
807,Mult-lock Alpaca,-,-,-,-,-
808,Meroni Arquivos,-,-,-,-,-
809,Meroni Arq. Peq.,-,-,-,-,-
810,Soprano Mult-Ponto,-,-,-,-,-
811,Haga Multi-Ponto.,-,-,-,-,-
812,Zadi Moto,-,-,-,-,-
814,Soprano Cad.,-,-,-,-,-
815,Honda,-,-,-,-,-
816,Soprano Fech. Elet. Multi-Ponto,-,-,-,-,-
817,Arouca Peq.,806,127,AUC5,462,642
818,Imab Multi-Ponto,-,-,-,-,-
819,Haga Tetra,-,-,-,-,-
820,Soprano Cad.,-,-,-,-,-
821,Imab Peq. CIF,-,-,-,-,-
822,Yaltres,-,-,-,-,-
823,Honda Fit,-,-,-,-,-
823,Honda Fit Alpaca,-,-,-,-,-
824,Ford,-,-,-,-,-
825,Citroën C3 Alpaca,-,-,-,-,-
826,3F Fech.,-,-,-,-,-
827,Gold Cad. Multi-Ponto Gde.,-,-,-,-,-
828,Gold Cad. Multi-Ponto Peq.,-,-,-,-,-
829,3F Arquivo,-,-,-,-,-
830,Fiat Palio Logotipo,-,-,-,-,-
831,Suzuki,-,-,-,-,-
832,Arouca Fech.,823,227,AUC6,436,658
833,Honda Moto,-,-,-,-,-
835,Baú Moto,-,-,-,-,-
836,Soprano Fech. Lg.,-,-,-,-,-
837,Stam,-,-,-,-,-
838,Stam,1013,206,SAM15R,458,687
839,Aliança Cad. Md.,-,-,-,-,-
840,Aliança Cad. Peq.,-,-,-,-,-
841,Tricicle,-,-,-,-,-
842,Haga Cad. Gde.,-,-,-,-,-
843,Haga Cad. Peq.,-,-,-,-,-
844,Haga Cad. Med,-,-,-,-,-
845,Pado Tetra,-,-,-,-,-
846,Stam Fech.,818,199,SAM13,448,670
847,RHA Cad.,-,-,-,-,-
848,Amelco,-,-,-,-,-
849,Hafele Arquivo,-,-,-,-,-
850,Hafele Arquivo,-,-,-,-,-
851,Gold Fech.,-,-,-,-,-
853,Aliança Trava de Seg. Lg.,10,580,0,358,380
853,Aliança Tr. de Seg. Lg. Zamak,10,580,0,358,380
854,Honda,-,-,-,-,-
855,Franzmar,801,672,FRZ2,454,674
856,Stam Fech.,845,218,SAM10,492,683
857,Soprano Multi-ponto,-,-,-,-,-
858,La fonte Fech.,-,-,-,-,-
859,Gold Trava Delta,-,-,-,-,-
860,La Fonte curta,-,-,-,-,-
861,La Fonte Lg.,-,-,-,-,-
862,La Fonte Longuíssima,-,-,-,-,-
863,La Fonte MI,-,-,-,-,-
864,Ueme L.UM/ PCL,-,-,-,-,-
865,Líder Fech. Tetra Elet.,-,-,-,-,-
866,Fama Cad. Tetra,-,-,-,-,-
867,3F P. aço,-,-,-,-,-
868,Globe Cad.,-,-,-,-,-
869,Trava Moto,-,-,-,-,-
870,Stam,1012,208,0,456,692
872,Mitsubishi,-,-,-,-,-
873,Stam Tetra,-,-,-,-,-
873,Stam Tetra Original,-,-,-,-,-
874,Empilhadeira,-,-,-,-,-
875,Pacri,-,-,-,-,-
876,Gold Cad.,-,-,-,-,-
877,Pado,-,-,-,-,-
878,3F Arquivo,-,-,-,-,-
879,Ranger Rover,-,-,-,-,-
880,Ranger Rover,-,-,-,-,-
881,Ranger Rover,-,-,-,-,-
882,Mercedes,-,-,-,-,-
883,Mult,-,-,-,-,-
884,Mult,-,-,-,-,-
885,Mult,-,-,-,-,-
886,Pado Fech. Sobrepor,-,-,-,-,-
887,Honda,-,-,-,-,-
888,Soprano,-,-,-,-,-
889,Gold Tubular,-,-,-,-,-
890,Toyota,-,-,-,-,-
891,Rocha Fech.,-,-,-,-,-
892,Nissan,-,-,-,-,-
893,Ranger Rover,-,-,-,-,-
894,Gold Cad.,-,-,-,-,-
895,Mitsubishi,-,-,-,-,-
896,Papaiz Multi-ponto,-,-,-,-,-
897,Baú Moto L.Y.,-,-,-,-,-
898,Gold Cad. Mini,-,-,-,-,-
899,Gold Cad. Peq.,-,-,-,-,-
900,Gold Cad. Med.,-,-,-,-,-
901,Gold Cad. Gde.,-,-,-,-,-
902,Metaldavi,-,-,-,-,-
903,Rocha Fech.,-,-,-,-,-
904,Mult Cad. Mini,-,-,-,-,-
905,Papaiz Cad. Tetra,-,-,-,-,-
906,Imab Peq.,-,-,-,-,-
907,Silvana Fech.,-,-,-,-,-
908,Kasinski Ct.,-,-,-,-,-
909,Kasinski Lg.,-,-,-,-,-
910,Mult-lock Cad.,-,-,-,-,-
912,Poliforte Tetra,-,-,-,-,-
913,Vouga Fech.,-,-,-,-,-
914,Chevete Monza Logotipo,-,-,-,-,-
915,Honda,-,-,-,-,-
916,Suzuki,-,-,-,-,-
917,Imab Multi-ponto,-,-,-,-,-
918,Papaiz Multi-ponto,-,-,-,-,-
919,Sundown Moto,-,-,-,-,-
920,Kasinski Moto,-,-,-,-,-
921,Gold Cad.,-,-,-,-,-
923,Bisa cad. Gde,-,-,-,-,-
924,Yaltres Multi-ponto,-,-,-,-,-
925,Gold Trava Multi-ponto,-,-,-,-,-
926,Yamaha Neo,-,-,-,-,-
927,Bisa Cad. ME,-,-,-,-,-
928,Bisa Cad. ME,-,-,-,-,-
929,Bisa Cad. MI,-,-,-,-,-
930,Aliança Fech. Lisa,-,-,-,-,-
931,MSS Ct. Tetra,-,-,-,-,-
932,Chrysler,-,-,-,-,-
933,Stam Tetra,-,-,-,-,-
933,Stam Tetra Original,-,-,-,-,-
934,BMW Moto,-,-,-,-,-
935,BMW Moto,-,-,-,-,-
936,Suzuki Moto,-,-,-,-,-
937,Nissan Frontier,-,-,-,-,-
938,Soprano Muti-Ponto,-,-,-,-,-
939,Colheitadeira,-,-,-,-,-
940,Haga Fech.,-,-,-,-,-
941,Hela Fech.,-,-,-,-,-
942,Hela Fech. Oval,-,-,-,-,-
943,Gold Cad. Multi-Ponto Peq.,-,-,-,-,-
944,Inter Fech. Gde.,-,-,-,-,-
945,Sinter Fech.,-,-,-,-,-
946,Yamaha,-,-,-,-,-
947,Franzmar Tetra,-,-,-,-,-
948,Fiat Ducato,-,-,-,-,-
949,Haga Fech. Lisa,-,-,-,-,-
950,Haga Fech. Lisa L.UM,-,-,-,-,-
951,Amelco L.UM,-,-,-,-,-
952,Soprano Fech.,925,445,SOP16R,428,759
953,Soprano Fech. Elet.,-,-,-,-,-
954,Komatsu Trator,-,-,-,-,-
955,Ford Ecoesport Estepe,-,-,-,-,-
956,Yale Cad. Lg.,-,-,-,-,-
957,Globe Cad. Lg.,-,-,-,-,-
958,Líder Fech. elet.,-,-,-,-,-
959,Brasília Cad. tetra,-,-,-,-,-
960,Hela L.UM,-,-,-,-,-
961,Haga Fech.,-,-,-,-,-
962,Haga Fech. L.UM,-,-,-,-,-
963,Sega Tools Cad. Peq.,-,-,-,-,-
964,Sega Tools Cad. Med.,-,-,-,-,-
965,Sega Tools Cad. Gd.,-,-,-,-,-
966,Papaiz Arquivo,-,-,-,-,-
967,Currao Lg.,-,-,-,-,-
968,Brasília Cad. Tetra,-,-,-,-,-
969,Soprano Cad.,-,-,-,-,-
970,Cash Box,-,-,-,-,-
971,Soprano Cad. Peq.,-,-,-,-,-
973,Soprano Articulada,-,-,-,-,-
974,Porta de Vidro Multi-ponto,-,-,-,-,-
975,Yale Tubular,-,-,-,-,-
976,Porta de Vidro Multi-ponto,-,-,-,-,-
977,Haideli Multi-Ponto,-,-,-,-,-
978,Aliança Cad. Gd.,-,-,-,-,-
979,Aliança Cad. Med.,-,-,-,-,-
980,Aliança Cad. Peq.,-,-,-,-,-
981,Porta de Vidro Multi-ponto,-,-,-,-,-
982,Soprano Articulada,-,-,-,-,-
983,Soprano Fech Sobrepor,-,-,-,-,-
984,Hyundai Tucson,-,-,-,-,-
985,3F Arquivo L.Y,-,-,-,-,-
986,3F Arquivo L.UM,-,-,-,-,-
987,Haga Yale L.UM,-,-,-,-,-
989,Porta de Vidro Multi-ponto,-,-,-,-,-
990,Gold Articulada Arquivo,-,-,-,-,-
991,Gold Articulada Arquivo,-,-,-,-,-
992,Gold Arquivo,-,-,-,-,-
993,Gold Arquivo,-,-,-,-,-
994,3F Articulada,-,-,-,-,-
995,Pacri Lg.,-,-,-,-,-
996,Pacri Ct.,-,-,-,-,-
997,Gold Arquivo,-,-,-,-,-
998,ALbaTetra,-,-,-,-,-
999,Stam,991,944,SAM12R,506,793
1000,Honda Pop,-,-,-,-,-
1001,Soprano,-,-,-,-,-
1002,Silvana Fech.,-,-,-,-,-
1003,Haga,-,-,-,-,-
1004,Gold Fech. Sobrepor,-,-,-,-,-
1005,Imab 5 pinos,-,-,-,-,-
1006,Haga,-,-,-,-,-
1007,MGM,-,-,-,-,-
1008,Imab 6 Pinos,-,-,-,-,-
1009,Haga Tetra,-,-,-,-,-
1010,Hela Fech.,-,-,-,-,-
1011,Haga Fech.,-,-,-,-,-
1012,RHA Fech.,-,-,-,-,-
1013,Hela Tetra,-,-,-,-,-
1014,Profield Cad.,-,-,-,-,-
1015,Aliança Multi-ponto,-,-,-,-,-
1016,Black & Decker Fech.,-,-,-,-,-
1017,Black & Decker Fech.,-,-,-,-,-
1018,Imab,-,-,-,-,-
1019,John Deer Trator,-,-,-,-,-
1020,Soprano Cad.,-,-,-,-,-
1021,Papaiz,-,-,-,-,-
1022,Papaiz,-,-,-,-,-
1023,Suzuki,-,-,-,-,-
1024,Amelco L.M Ct.,-,-,-,-,-
1025,Haga Fech.,-,-,-,-,-
1026,Haga Fech.,-,-,-,-,-
1027,Haga Multi-ponto,-,-,-,-,-
1028,Haga Multi-ponto,-,-,-,-,-
1029,Burgo Fech.,-,-,-,-,-
1030,Stam Fech.,-,-,-,-,-
1031,Haga Fech.,-,-,-,-,-
1032,Sinter L.UM,-,-,-,-,-
1033,Gold Arquivo Articulada,-,-,-,-,-
1034,Burgo,-,-,-,-,-
1035,Dafra 100,-,-,-,-,-
1036,Dafra laser,-,-,-,-,-
1037,Dafra 150,-,-,-,-,-
1038,Dafra Articulada,-,-,-,-,-
1039,Lockwell Fech. Tubular,-,-,-,-,-
1040,3F Fech.,1006,851,TRF4,438,807
1041,3F Porta de vidro,-,-,-,-,-
1042,Kwikset,-,-,-,-,-
1043,Hafele Fech.,-,-,-,-,-
1044,3F Fech.,-,-,-,-,-
1046,Pado Cad. Tetra,-,-,-,-,-
1047,Profield Tetra,-,-,-,-,-
1048,3 Círculos Cad. Tetra,-,-,-,-,-
1049,3F Cad. 25mm,-,-,-,-,-
1050,3F Cad. 30mm,-,-,-,-,-
1051,Mitsubishi,-,-,-,-,-
1052,Haga Fech.,-,-,-,-,-
1053,Haga Fech.,-,-,-,-,-
1054,Haga Fech.,-,-,-,-,-
1055,Arouca Multi-ponto Tetra,-,-,-,-,-
1056,Honda Bis,-,-,-,-,-
1057,ML Cad. Tetra,-,-,-,-,-
1058,Polyforte Tetra,-,-,-,-,-
1059,Arouca Multi-Ponto,-,-,-,-,-
1060,Sinter,-,-,-,-,-
1061,Sinter,-,-,-,-,-
1062,Soprano Fech.,-,-,-,-,-
1063,HDL Lado UM,1022,-,HDL3,440,878
1064,HDL Lado Yale,-,-,-,-,-
1065,Currao Multi-ponto,-,-,-,-,-
1066,Currao Multi-ponto Cab.Quad.,-,-,-,-,-
1067,WT Arquivo,-,-,-,-,-
1068,Scania Combustível,-,-,-,-,-
1069,Volvo,-,-,-,-,-
1070,Líder Fech. Tetra,-,-,-,-,-
1071,AGL Fech Elétrica,-,-,-,-,-
1072,Gold Cad. 50mm,-,-,-,-,-
1073,Suzuki Burgman,-,-,-,-,-
1074,Honda 115cc,-,-,-,-,-
1075,Suzuki,-,-,-,-,-
1076,Suzuki 125 cc,-,-,-,-,-
1077,Honda Hornet Shadow,-,-,-,-,-
1078,Honda Magnética,-,-,-,-,-
1079,Lion Cad. Tetra,-,-,-,-,-
1080,MGM canal quadrado,-,-,-,-,-
1081,Rodrigues Fech. L.UM,-,-,-,-,-
1083,Sega Cad. 38mm,-,-,-,-,-
1084,Sega Cad. 50mm,-,-,-,-,-
1085,MG,-,-,-,-,-
1086,Stam,-,-,-,-,-
1087,Sinter Fech.,-,-,-,-,-
1088,Sinter Fech. L.UM,-,-,-,-,-
1089,Haga Fech. Bico de papagaio,-,-,-,-,-
1090,Haga Fech. UM,-,-,-,-,-
1091,MGM Cad. 20mm,-,-,-,-,-
1092,MGM Cad. 30mm,-,-,-,-,-
1093,3F Arquivo,-,-,-,-,-
1094,Fech. Tetra PD,-,-,-,-,-
1095,Fech. Tetra PD longa,-,-,-,-,-
1096,3F Fech. Tetra,-,-,-,-,-
1097,Soprano Arquivo,-,-,-,-,-
1098,"Gold Fech, Tetra Sobrepor",-,-,-,-,-
1099,Honda,-,-,-,-,-
1100,Soprano fech.,-,-,-,-,-
1101,3F fech.,-,-,-,-,-
1102,Hyundai Azzera,-,-,-,-,-
1103,lano Fech.,-,-,-,-,-
1105,AL Fech.,-,-,-,-,-
1106,LH Fech. Arquivo,-,-,-,-,-
1107,Arouca Fech.,-,-,-,-,-
1108,Stam Fech. Tetra,-,-,-,-,-
1108,Stam Fech. Tetra Original,-,-,-,-,-
1109,Stam Fech. LUM,-,-,-,-,-
1110,Stam Fech. L.Y. c/ reb.,-,-,-,-,-
1111,Stam Fech. L.Y.,-,-,-,-,-
1112,Stam Fech. LUM c/ reb.,-,-,-,-,-
1113,Stam Fech.,-,-,-,-,-
1114,Vonder Cad. 30mm,-,-,-,-,-
1115,Soprano Fech.,-,-,-,-,-
1116,Cross Tetra,-,-,-,-,-
1117,Hela Fech.,-,-,-,-,-
1118,Hela Fech.,-,-,-,-,-
1119,Vonder Cad. 20mm,-,-,-,-,-
1120,Gold Fech. Gaveta 1861,-,-,-,-,-
1121,Hela Tetra,-,-,-,-,-
1122,Hela Fech. Tetra,-,-,-,-,-
1123,Assabloy Fech.,-,-,-,-,-
1124,3F Fech.,-,-,-,-,-
1125,3F Fech.,-,-,-,-,-
1126,3F Fech.,-,-,-,-,-
1127,3F Fech.,-,-,-,-,-
1128,Haga Fech.,-,-,-,-,-
1129,Haga Fech.,-,-,-,-,-
1130,Haga Fech.,-,-,-,-,-
1131,Haga Fech.,-,-,-,-,-
1132,Effa,-,-,-,-,-
1133,Greco Fech. 55mm,-,-,-,-,-
1134,Lafonte Fech. Elet. Multi-ponto,-,-,-,-,-
1135,Soprano Fech. Sobrepor Tetra,-,-,-,-,-
1136,Lafonte Cad. 20/25mm,-,-,-,-,-
1137,Lafonte Cad. 30/35mm,-,-,-,-,-
1138,Lafonte Cad. 45mm,-,-,-,-,-
1139,Lafonte 50mm,-,-,-,-,-
1140,Papaiz Trava Multi-ponto,-,-,-,-,-
1141,Fortezza Fech. Multi-ponto,-,-,-,-,-
1142,Pado Tr. Cabeça Deslocada,-,-,-,-,-
1143,Ueme Cil. Yale,-,-,-,-,-
1144,Soprano P. Arq. Pantográfica,-,-,-,-,-
1145,Pado Tr. Simples 40mm,-,-,-,-,-
1146,Gold Cil. Reposição,-,-,-,-,-
1147,Stam Cad. 20/25mm,-,-,-,-,-
1148,Stam Cad. 30/35mm,-,-,-,-,-
1149,Stam Cad. 40/45mm,-,-,-,-,-
1150,Lockwell Fech.,-,-,-,-,-
1151,Soprano Fech. Yale,-,-,-,-,-
1161,Papaiz Arquivo,-,-,-,-,-
1162,Lockwell Cil. Yale,-,-,-,-,-
1163,Yamaha Moto 250 PVC,-,-,-,-,-
1164,Honda Moto Tornado PVC,-,-,-,-,-
1165,Fronti Multi-ponto,-,-,-,-,-
1167,Honda Cab. Plástica,-,-,-,-,-
1168,Pado Cad. Tetra 40/50/60,-,-,-,-,-
1169,Soprano Fech. 4 pinos Yale,-,-,-,-,-
1170,3F Fech. Yale,-,-,-,-,-
1171,Imab Multi-ponto,-,-,-,-,-
1172,Papaiz Fech. de Vidro,-,-,-,-,-
1173,Silvana Fech.,-,-,-,-,-
1174,União Mundial Yale,-,-,-,-,-
1175,União Mundial Mult-Ponto,-,-,-,-,-
1176,Silvana Yale,-,-,-,-,-
1177,Arouca Yale,-,-,-,-,-
1178,Ueme Yale,-,-,-,-,-
1179,Amelco Fech. Elet.,-,-,-,-,-
1180,Aliança Tetra CT,-,-,-,-,-
1181,Silvana Tetra,-,-,-,-,-
1182,Pado Multi-Ponto,-,-,-,-,-
1183,MGM Fechadura de portão,-,-,-,-,-
1184,Lider Fech. Portão,-,-,-,-,-
1185,3F Trava Auxiliar Tetra,-,-,-,-,-
1186,Fortezza,-,-,-,-,-
1187,Inova,-,-,-,-,-
1188,Pado Multi-ponto,-,-,-,-,-
1189,Hafele Gaveta,-,-,-,-,-
1190,Haga Grande,-,-,-,-,-
1191,Soprano Media Nac.,-,-,-,-,-
1192,Soprano Multi-ponto,-,-,-,-,-
1193,Piller Cad. 40/50,-,-,-,-,-
1194,Soprano Fech. Sobrepor,-,-,-,-,-
1195,Hela Perfil St. L.Y.,-,-,-,-,-
1196,Hela Perfil St .L.U.,-,-,-,-,-
1197,Haga Cil. L.Y.,-,-,-,-,-
1198,Haga Vil. L.U.,-,-,-,-,-
1199,Papaiz Arquivo,-,-,-,-,-
1200,Gold Fech. Slim,-,-,-,-,-
10000,Troca de frente de telecomando,-,-,-,-,-